Condition,N,Spearman_rho,Spearman_p,RF_R2_AOD_only,RMSE,nRMSE,Mean_PM25,Proxy_Quality,Significant_Spearman
Season=Monsoon & Wind Speed=Moderate(1-3),284,0.179,0.002461,0.3504,13.38,0.4164,32.13,Usable,Yes
Season=Monsoon & AOD_Loading=High AOD (>0.8) & Rain_Status=Heavy Rain,66,0.3551,0.003433,0.2498,19.3,0.4512,42.78,Poor,Yes
Season=Pre-Monsoon & Wind_Origin=Continental (Polluted) & Humidity_Profile=Moderate (50-75%),98,-0.0259,0.79993,0.2078,29.37,0.3479,84.4,Poor,No
Season=Monsoon & Wind_Origin=Marine (Clean) & Temp_Profile=Warm (20-28°C),98,0.1163,0.254233,0.1551,10.1,0.3591,28.12,Poor,No
Season=Monsoon & Wind_Origin=Continental (Polluted) & Rain_Status=No Rain,39,-0.1331,0.41921,0.1479,6.07,0.1847,32.87,Poor,No
Season=Pre-Monsoon & AOD_Loading=High AOD (>0.8) & Wind_Origin=Continental (Polluted),97,0.0159,0.876869,0.1287,44.09,0.5837,75.53,Poor,No
Season=Monsoon & Wind_Origin=Marine (Clean) & Rain_Status=Heavy Rain,165,0.1301,0.095883,0.1274,22.68,0.59,38.44,Poor,No
Season=Winter & Wind Speed=VeryHigh(>5),217,0.1543,0.022955,0.1132,32.48,0.1678,193.59,Poor,Yes
Season=Winter & Wind_Origin=Marine (Clean) & Rain_Status=Light Rain,967,0.3421,0.0,0.1079,39.96,0.2834,140.97,Poor,Yes
Season=Winter & Wind Speed=Moderate(1-3),844,0.2462,0.0,0.1076,38.37,0.2683,143.0,Poor,Yes
Season=Monsoon & Wind Speed=Low(0-1),340,0.1113,0.040238,0.1022,14.27,0.4257,33.51,Poor,Yes
Geo_Zone=Inland_SemiUrban & Season=Winter & Humidity_Profile=Moderate (50-75%),342,0.5263,0.0,0.1015,32.34,0.2979,108.57,Poor,Yes
Season=Winter & RH=High(60-80%),1375,0.3241,0.0,0.0965,44.86,0.3212,139.67,Poor,Yes
Season=Winter & Wind_Origin=Marine (Clean) & Temp_Profile=Warm (20-28°C),1072,0.2779,0.0,0.0919,37.43,0.2693,138.98,Poor,Yes
Season=Post-Monsoon & Solar Rad=High(>300),142,0.2363,0.004638,0.0904,50.71,0.644,78.74,Poor,Yes
Season=Winter & Rain_Status=Light Rain,1266,0.3159,0.0,0.0895,39.82,0.2795,142.5,Poor,Yes
Season=Winter & AOD_Loading=Low AOD (<0.3) & Humidity_Profile=Moderate (50-75%),253,0.3351,0.0,0.0847,41.99,0.3684,113.98,Poor,Yes
Season=Winter & Wind_Origin=Marine (Clean),1665,0.286,0.0,0.0829,49.01,0.333,147.18,Poor,Yes
Humidity_Profile=Dry (<50%) & Rain_Status=Light Rain,199,0.0785,0.270341,0.0826,25.99,0.2049,126.84,Poor,No
Geo_Zone=Inland_Urban & Season=Pre-Monsoon & Wind_Origin=Continental (Polluted),83,0.1063,0.339062,0.0801,37.65,0.3379,111.43,Poor,No
Geo_Zone=Inland_SemiUrban & Season=Winter & Rain_Status=Light Rain,346,0.4203,0.0,0.0714,26.97,0.2535,106.4,Poor,Yes
Geo_Zone=Coastal & Wind_Origin=Continental (Polluted),354,0.1454,0.006142,0.0706,52.88,0.5523,95.76,Poor,Yes
Season=Winter & Humidity_Profile=Moderate (50-75%),1457,0.303,0.0,0.0617,44.34,0.3134,141.47,Poor,Yes
Season=Monsoon & Solar Rad=Moderate(150-300),442,0.1981,2.7e-05,0.0606,9.38,0.3093,30.32,Poor,Yes
Season=Monsoon & AOD_Loading=Moderate AOD (0.3-0.8) & Wind_Origin=Continental (Polluted),69,-0.0256,0.834411,0.059,14.2,0.3895,36.46,Poor,No
Season=Winter & Temp_Profile=Warm (20-28°C) & Rain_Status=Light Rain,767,0.3212,0.0,0.0506,37.09,0.2753,134.7,Poor,Yes
Geo_Zone=Coastal & Season=Monsoon & Rain_Status=No Rain,369,0.1045,0.044873,0.0482,27.4,1.0086,27.17,Poor,Yes
Season=Post-Monsoon & Humidity_Profile=Moderate (50-75%) & Rain_Status=Light Rain,482,0.4093,0.0,0.0452,40.61,0.594,68.36,Poor,Yes
Geo_Zone=Inland_Urban & Season=Monsoon & Rain_Status=Heavy Rain,137,0.1787,0.036691,0.0445,25.78,0.5728,45.0,Poor,Yes
Season=Winter & Solar Rad=Moderate(150-300),881,0.324,0.0,0.0404,42.75,0.3277,130.47,Poor,Yes
Wind_Origin=Continental (Polluted) & Humidity_Profile=Moderate (50-75%),502,0.2242,0.0,0.0361,56.48,0.4905,115.14,Poor,Yes
Geo_Zone=Inland_Urban & Season=Post-Monsoon & Humidity_Profile=Moderate (50-75%),367,0.1011,0.05304,0.0308,38.31,0.4205,91.1,Poor,No
Temperature = Mild(20-25°C),2385,0.2033,0.0,0.0292,49.9,0.4392,113.63,Poor,Yes
Season = Winter,3934,0.1937,0.0,0.0289,52.44,0.3786,138.5,Poor,Yes
Season=Winter & Temperature=Mild(20-25°C),1432,0.24,0.0,0.025,38.67,0.2889,133.88,Poor,Yes
Temp_Profile = Warm (20-28°C),3826,0.1738,0.0,0.0236,49.6,0.4838,102.53,Poor,Yes
Solar Rad = VeryLow(<50),382,0.2206,1.4e-05,0.0201,51.77,0.5237,98.86,Poor,Yes
Season=Monsoon & Humidity_Profile=Moderate (50-75%),266,0.1472,0.01626,0.02,17.03,0.4348,39.16,Poor,Yes
Season=Winter & Temp_Profile=Warm (20-28°C),1653,0.228,0.0,0.0196,39.51,0.2935,134.61,Poor,Yes
Geo_Zone=Inland_Urban & Season=Post-Monsoon & Humidity_Profile=Dry (<50%),82,0.0502,0.654056,0.0162,26.74,0.395,67.7,Poor,No
AOD_Loading = High AOD (>0.8),3650,0.1275,0.0,0.0159,63.32,0.6171,102.61,Poor,Yes
Season=Winter & Humidity_Profile=Moderate (50-75%) & Rain_Status=Light Rain,779,0.3886,0.0,0.0125,41.15,0.285,144.4,Poor,Yes
Season=Winter & Humidity_Profile=Humid (>75%) & Rain_Status=Light Rain,372,0.2126,3.6e-05,0.0123,42.29,0.3111,135.94,Poor,Yes
Geo_Zone=Inland_SemiUrban & Season=Monsoon & Rain_Status=No Rain,236,0.0305,0.641555,0.0119,13.03,0.467,27.9,Poor,No
Rain_Status = No Rain,6287,0.1236,0.0,0.0087,57.35,0.6465,88.71,Poor,Yes
Geo_Zone=Coastal & Rain_Status=No Rain,2680,0.0967,1e-06,0.0079,48.24,0.5971,80.79,Poor,Yes
Season=Winter & AOD_Loading=Low AOD (<0.3),503,0.2178,1e-06,0.0051,43.93,0.377,116.54,Poor,Yes
Humidity_Profile = Moderate (50-75%),3563,0.1667,0.0,0.005,53.29,0.515,103.48,Poor,Yes
Season=Pre-Monsoon & Rain_Status=No Rain,1513,-0.0716,0.005306,0.0035,46.55,0.5793,80.36,Poor,Yes
Season = Post-Monsoon,2670,0.1222,0.0,0.0032,41.14,0.554,74.26,Poor,Yes
Overall — All Data,11045,0.1374,0.0,0.0004,58.57,0.6248,93.75,Poor,Yes
Season=Pre-Monsoon & Temperature=Warm(25-30°C),946,-0.0733,0.024167,0.0,43.68,0.5782,75.55,Poor,Yes
Season=Pre-Monsoon & Temperature=Mild(20-25°C),389,-0.1938,0.00012,0.0,42.44,0.4341,97.76,Poor,Yes
Season=Monsoon & Temperature=Warm(25-30°C),381,0.0624,0.224176,0.0,17.4,0.5607,31.02,Poor,No
Season=Post-Monsoon & AOD_Loading=Moderate AOD (0.3-0.8),1295,0.0611,0.027899,0.0,41.55,0.5562,74.7,Poor,Yes
Season=Winter & Wind Speed=Low(0-1),981,0.2491,0.0,0.0,50.22,0.3685,136.29,Poor,Yes
Season=Winter & Wind Speed=High(3-5),80,0.2561,0.021852,0.0,41.04,0.2551,160.91,Poor,Yes
Season=Pre-Monsoon & Solar Rad=Low(50-150),196,-0.1044,0.145497,0.0,33.21,0.3924,84.63,Poor,No
Humidity_Profile = Humid (>75%),2551,0.1464,0.0,0.0,51.95,0.632,82.2,Poor,Yes
Season=Winter & Temperature=Hot(>30°C),75,0.3693,0.00111,0.0,51.15,0.3583,142.73,Poor,Yes
Season=Winter & Temperature=Warm(25-30°C),277,0.0818,0.174556,0.0,39.42,0.2932,134.45,Poor,No
Temp_Profile = Cool (<20°C),853,0.1729,0.0,0.0,61.63,0.4236,145.49,Poor,Yes
Season = Pre-Monsoon,2816,-0.0801,2.1e-05,0.0,42.97,0.5364,80.1,Poor,Yes
Season=Monsoon & Temperature=Mild(20-25°C),36,0.0288,0.867446,0.0,7.45,0.2579,28.88,Poor,No
Season=Winter & RH=VeryHigh(>80%),621,0.1363,0.00066,0.0,44.55,0.3338,133.47,Poor,Yes
AOD_Loading = Moderate AOD (0.3-0.8),5590,0.0212,0.113151,0.0,57.63,0.6365,90.53,Poor,No
Season=Post-Monsoon & Temp_Profile=Hot (>28°C),397,0.0038,0.940071,0.0,39.56,0.6022,65.7,Poor,No
Season=Monsoon & Temp_Profile=Warm (20-28°C),174,0.0573,0.453023,0.0,17.02,0.5717,29.77,Poor,No
Season=Monsoon & Temp_Profile=Hot (>28°C),585,0.1594,0.000108,0.0,13.4,0.4167,32.15,Poor,Yes
Season=Winter & Humidity_Profile=Humid (>75%),896,0.1875,0.0,0.0,46.84,0.3698,126.65,Poor,Yes
Season=Winter & Humidity_Profile=Dry (<50%),336,0.0908,0.096526,0.0,57.21,0.368,155.45,Poor,No
Season=Post-Monsoon & RH=High(60-80%),976,0.2615,0.0,0.0,38.86,0.5358,72.53,Poor,Yes
Season=Post-Monsoon & RH=Moderate(40-60%),136,0.0399,0.644911,0.0,47.89,0.527,90.87,Poor,No
Season=Post-Monsoon & RH=Low(<40%),54,0.4221,0.001475,0.0,20.33,0.2424,83.88,Poor,Yes
Season=Monsoon & RH=VeryHigh(>80%),294,0.0312,0.594314,0.0,11.2,0.4303,26.02,Poor,No
Season=Monsoon & RH=High(60-80%),457,0.1671,0.000333,0.0,11.05,0.347,31.85,Poor,Yes
Season=Monsoon & RH=Moderate(40-60%),40,0.2585,0.107223,0.0,9.03,0.1675,53.91,Poor,No
Season=Post-Monsoon & AOD_Loading=Low AOD (<0.3),729,0.0446,0.22869,0.0,35.14,0.5457,64.39,Poor,No
Season=Post-Monsoon & AOD_Loading=High AOD (>0.8),646,0.0727,0.064952,0.0,48.51,0.6516,74.44,Poor,No
Season=Monsoon & AOD_Loading=Moderate AOD (0.3-0.8),982,0.0864,0.006719,0.0,13.63,0.4497,30.31,Poor,Yes
Season=Monsoon & AOD_Loading=Low AOD (<0.3),232,0.0381,0.563227,0.0,16.81,0.5524,30.43,Poor,No
Season=Monsoon & AOD_Loading=High AOD (>0.8),411,-0.0039,0.937147,0.0,17.87,0.5307,33.67,Poor,No
Season=Winter & Rain_Status=No Rain,2085,0.16,0.0,0.0,54.35,0.4071,133.52,Poor,Yes
Season=Winter & Rain_Status=Heavy Rain,491,0.0516,0.253751,0.0,51.91,0.2943,176.38,Poor,No
Wind_Origin=Marine (Clean) & Humidity_Profile=Humid (>75%),1393,0.1119,2.8e-05,0.0,54.61,0.7731,70.64,Poor,Yes
Wind_Origin=Marine (Clean) & Humidity_Profile=Dry (<50%),354,0.2573,1e-06,0.0,63.74,0.5085,125.34,Poor,Yes
Wind_Origin=Continental (Polluted) & Humidity_Profile=Humid (>75%),326,0.1156,0.036978,0.0,65.66,0.726,90.44,Poor,Yes
Wind_Origin=Continental (Polluted) & Humidity_Profile=Dry (<50%),177,0.1958,0.009019,0.0,61.61,0.49,125.73,Poor,Yes
Season=Winter & Geo_Zone=Inland_Urban,1479,0.0694,0.007586,0.0,43.89,0.2379,184.51,Poor,Yes
Season=Winter & Geo_Zone=Inland_SemiUrban,950,0.2593,0.0,0.0,39.35,0.3641,108.07,Poor,Yes
Season=Winter & Geo_Zone=Coastal,1505,0.1204,3e-06,0.0,43.95,0.3486,126.08,Poor,Yes
Season=Pre-Monsoon & Geo_Zone=Inland_Urban,1091,-0.0375,0.215936,0.0,55.9,0.5516,101.35,Poor,No
Season=Pre-Monsoon & Geo_Zone=Inland_SemiUrban,593,-0.0929,0.023741,0.0,37.29,0.5264,70.84,Poor,Yes
Season=Pre-Monsoon & Geo_Zone=Coastal,1132,-0.1509,0.0,0.0,34.93,0.4818,72.5,Poor,Yes
Season=Post-Monsoon & Geo_Zone=Inland_Urban,1008,0.0296,0.347334,0.0,42.17,0.473,89.16,Poor,No
Season=Post-Monsoon & Geo_Zone=Inland_SemiUrban,703,0.0859,0.022675,0.0,35.03,0.6332,55.32,Poor,Yes
Season=Post-Monsoon & Geo_Zone=Coastal,959,0.1074,0.000866,0.0,33.98,0.5223,65.06,Poor,Yes
Season=Monsoon & Geo_Zone=Inland_Urban,725,-0.0071,0.849507,0.0,15.27,0.4235,36.06,Poor,No
Season=Monsoon & Geo_Zone=Inland_SemiUrban,395,0.006,0.905878,0.0,11.64,0.4529,25.7,Poor,No
Humidity_Profile=Dry (<50%) & Rain_Status=No Rain,259,0.2185,0.000397,0.0,53.67,0.5855,91.67,Poor,Yes
Humidity_Profile=Dry (<50%) & Rain_Status=Heavy Rain,280,0.2114,0.000368,0.0,67.45,0.4837,139.45,Poor,Yes
Wind_Origin=Marine (Clean) & AOD_Loading=Moderate AOD (0.3-0.8),2345,-0.0069,0.737654,0.0,59.51,0.6355,93.65,Poor,No
Wind_Origin=Marine (Clean) & AOD_Loading=Low AOD (<0.3),822,0.0668,0.055598,0.0,45.34,0.5971,75.93,Poor,No
Wind_Origin=Marine (Clean) & AOD_Loading=High AOD (>0.8),1476,0.148,0.0,0.0,62.8,0.5697,110.22,Poor,Yes
Wind_Origin=Continental (Polluted) & AOD_Loading=Moderate AOD (0.3-0.8),514,0.0708,0.10904,0.0,61.68,0.5946,103.75,Poor,No
Wind_Origin=Continental (Polluted) & AOD_Loading=Low AOD (<0.3),207,0.1531,0.027663,0.0,49.99,0.6352,78.7,Poor,Yes
Wind_Origin=Continental (Polluted) & AOD_Loading=High AOD (>0.8),370,0.1152,0.026735,0.0,61.21,0.5157,118.68,Poor,Yes
Wind_Origin=Marine (Clean) & Rain_Status=No Rain,1276,0.0946,0.000712,0.0,51.65,0.5836,88.49,Poor,Yes
Wind_Origin=Marine (Clean) & Rain_Status=Light Rain,2543,0.142,0.0,0.0,59.36,0.6323,93.88,Poor,Yes
Wind_Origin=Marine (Clean) & Rain_Status=Heavy Rain,824,0.1165,0.000806,0.0,75.87,0.6779,111.92,Poor,Yes
Wind_Origin=Continental (Polluted) & Rain_Status=No Rain,373,0.1152,0.026118,0.0,54.79,0.4607,118.92,Poor,Yes
Wind_Origin=Continental (Polluted) & Rain_Status=Light Rain,435,0.235,1e-06,0.0,57.23,0.6289,90.99,Poor,Yes
Wind_Origin=Continental (Polluted) & Rain_Status=Heavy Rain,283,0.1633,0.005891,0.0,64.87,0.5333,121.65,Poor,Yes
Wind_Origin=Marine (Clean) & Humidity_Profile=Moderate (50-75%),2677,0.1407,0.0,0.0,55.88,0.5617,99.49,Poor,Yes
Temp_Profile=Cool (<20°C) & Rain_Status=Heavy Rain,67,0.1847,0.134674,0.0,170.08,1.0846,156.81,Poor,No
Humidity_Profile=Moderate (50-75%) & AOD_Loading=Moderate AOD (0.3-0.8),1723,0.0146,0.54479,0.0,56.01,0.5319,105.3,Poor,No
Humidity_Profile=Moderate (50-75%) & AOD_Loading=Low AOD (<0.3),655,0.0872,0.02562,0.0,50.52,0.5582,90.5,Poor,Yes
Humidity_Profile=Moderate (50-75%) & AOD_Loading=High AOD (>0.8),1185,0.1425,1e-06,0.0,61.2,0.5384,113.67,Poor,Yes
Humidity_Profile=Humid (>75%) & AOD_Loading=Moderate AOD (0.3-0.8),1279,0.0274,0.327017,0.0,54.07,0.7265,74.43,Poor,No
Humidity_Profile=Humid (>75%) & AOD_Loading=Low AOD (<0.3),412,0.0375,0.44805,0.0,46.23,0.667,69.31,Poor,No
Humidity_Profile=Humid (>75%) & AOD_Loading=High AOD (>0.8),860,0.1549,5e-06,0.0,57.3,0.6423,89.2,Poor,Yes
Humidity_Profile=Dry (<50%) & AOD_Loading=Moderate AOD (0.3-0.8),387,0.0546,0.283981,0.0,52.6,0.4386,119.92,Poor,No
Humidity_Profile=Dry (<50%) & AOD_Loading=Low AOD (<0.3),106,0.2583,0.007511,0.0,44.52,0.4438,100.32,Poor,Yes
Humidity_Profile=Dry (<50%) & AOD_Loading=High AOD (>0.8),245,0.1856,0.00355,0.0,76.92,0.5504,139.76,Poor,Yes
Humidity_Profile=Moderate (50-75%) & Rain_Status=No Rain,947,0.1015,0.001769,0.0,49.26,0.4654,105.85,Poor,Yes
Humidity_Profile=Moderate (50-75%) & Rain_Status=Light Rain,2027,0.1945,0.0,0.0,52.61,0.5637,93.33,Poor,Yes
Humidity_Profile=Moderate (50-75%) & Rain_Status=Heavy Rain,589,0.1247,0.002437,0.0,82.27,0.7359,111.8,Poor,Yes
Humidity_Profile=Humid (>75%) & Rain_Status=No Rain,1264,0.1338,2e-06,0.0,49.11,0.6164,79.67,Poor,Yes
Humidity_Profile=Humid (>75%) & Rain_Status=Light Rain,1000,0.1821,0.0,0.0,57.28,0.723,79.23,Poor,Yes
Humidity_Profile=Humid (>75%) & Rain_Status=Heavy Rain,287,0.1931,0.001008,0.0,54.66,0.7716,70.84,Poor,Yes
Geo_Zone=Inland_SemiUrban & Season=Winter,950,0.2593,0.0,0.0,39.35,0.3641,108.07,Poor,Yes
Geo_Zone=Inland_SemiUrban & Season=Pre-Monsoon,593,-0.0929,0.023741,0.0,37.29,0.5264,70.84,Poor,Yes
Geo_Zone=Inland_SemiUrban & Season=Post-Monsoon,703,0.0859,0.022675,0.0,35.03,0.6332,55.32,Poor,Yes
Geo_Zone=Inland_SemiUrban & Season=Monsoon,395,0.006,0.905878,0.0,11.64,0.4529,25.7,Poor,No
Geo_Zone=Coastal & Season=Winter,1505,0.1204,3e-06,0.0,43.95,0.3486,126.08,Poor,Yes
Geo_Zone=Coastal & Season=Pre-Monsoon,1132,-0.1509,0.0,0.0,34.93,0.4818,72.5,Poor,Yes
Geo_Zone=Coastal & Season=Post-Monsoon,959,0.1074,0.000866,0.0,33.98,0.5223,65.06,Poor,Yes
Geo_Zone=Coastal & Season=Monsoon,505,0.1799,4.8e-05,0.0,28.03,0.9118,30.74,Poor,Yes
Temp_Profile=Warm (20-28°C) & Rain_Status=No Rain,1447,0.1551,0.0,0.0,47.49,0.4626,102.65,Poor,Yes
Temp_Profile=Warm (20-28°C) & Rain_Status=Light Rain,1809,0.2192,0.0,0.0,50.13,0.5163,97.09,Poor,Yes
Temp_Profile=Warm (20-28°C) & Rain_Status=Heavy Rain,570,0.0405,0.334927,0.0,67.54,0.5819,116.06,Poor,No
Temp_Profile=Hot (>28°C) & Rain_Status=No Rain,768,0.0087,0.809999,0.0,54.29,0.7974,68.09,Poor,No
Temp_Profile=Hot (>28°C) & Rain_Status=Light Rain,894,0.1355,4.8e-05,0.0,50.11,0.7953,63.0,Poor,Yes
Temp_Profile=Hot (>28°C) & Rain_Status=Heavy Rain,248,0.0323,0.61255,0.0,67.87,0.8192,82.84,Poor,No
Temp_Profile=Cool (<20°C) & Rain_Status=No Rain,335,0.1096,0.044955,0.0,60.82,0.4443,136.89,Poor,Yes
Temp_Profile=Cool (<20°C) & Rain_Status=Light Rain,451,0.2403,0.0,0.0,42.52,0.2945,144.4,Poor,Yes
Geo_Zone=Inland_SemiUrban & Rain_Status=No Rain,1565,0.1898,0.0,0.0,47.92,0.5908,81.11,Poor,Yes
Geo_Zone=Inland_SemiUrban & Rain_Status=Light Rain,920,0.1282,9.6e-05,0.0,38.11,0.5313,71.73,Poor,Yes
Geo_Zone=Inland_SemiUrban & Rain_Status=Heavy Rain,134,0.126,0.146726,0.0,29.76,0.7193,41.38,Poor,No
Geo_Zone=Coastal & Rain_Status=Light Rain,1165,0.0136,0.642455,0.0,46.18,0.5435,84.95,Poor,No
Geo_Zone=Coastal & Rain_Status=Heavy Rain,225,0.1738,0.008993,0.0,55.61,0.5628,98.81,Poor,Yes
Geo_Zone=Inland_Urban & Wind_Origin=Marine (Clean),1885,0.149,0.0,0.0,65.35,0.5628,116.11,Poor,Yes
Geo_Zone=Inland_Urban & Wind_Origin=Continental (Polluted),563,0.2418,0.0,0.0,61.9,0.4535,136.5,Poor,Yes
Geo_Zone=Inland_SemiUrban & Wind_Origin=Marine (Clean),1109,0.1417,2e-06,0.0,44.39,0.6123,72.49,Poor,Yes
Geo_Zone=Inland_SemiUrban & Wind_Origin=Continental (Polluted),174,-0.0008,0.991717,0.0,42.41,0.6497,65.29,Poor,No
Geo_Zone=Coastal & Wind_Origin=Marine (Clean),1649,-0.0266,0.280641,0.0,46.9,0.5652,82.98,Poor,No
Geo_Zone=Inland_Urban & Season=Winter,1479,0.0694,0.007586,0.0,43.89,0.2379,184.51,Poor,Yes
Geo_Zone=Inland_Urban & Season=Pre-Monsoon,1091,-0.0375,0.215936,0.0,55.9,0.5516,101.35,Poor,No
Geo_Zone=Inland_Urban & Season=Post-Monsoon,1008,0.0296,0.347334,0.0,42.17,0.473,89.16,Poor,No
Geo_Zone=Inland_Urban & Season=Monsoon,725,-0.0071,0.849507,0.0,15.27,0.4235,36.06,Poor,No
Season=Pre-Monsoon & Wind_Origin=Continental (Polluted) & Rain_Status=Light Rain,100,-0.0396,0.69599,0.0,37.88,0.4473,84.68,Poor,No
Season=Pre-Monsoon & Wind_Origin=Continental (Polluted) & Rain_Status=Heavy Rain,60,-0.1144,0.38425,0.0,51.71,0.7537,68.61,Poor,No
Season=Post-Monsoon & Wind_Origin=Marine (Clean) & Rain_Status=No Rain,345,0.157,0.003454,0.0,36.57,0.444,82.38,Poor,Yes
Season=Post-Monsoon & Wind_Origin=Marine (Clean) & Rain_Status=Light Rain,547,0.3066,0.0,0.0,50.1,0.7385,67.84,Poor,Yes
Season=Post-Monsoon & Wind_Origin=Marine (Clean) & Rain_Status=Heavy Rain,168,-0.0631,0.41611,0.0,32.34,0.4029,80.28,Poor,No
Season=Post-Monsoon & Wind_Origin=Continental (Polluted) & Rain_Status=No Rain,100,0.1419,0.159,0.0,50.43,0.6176,81.67,Poor,No
Season=Monsoon & Rain_Status=No Rain,1033,0.0722,0.020243,0.0,15.87,0.5463,29.05,Poor,Yes
Season=Monsoon & Rain_Status=Light Rain,357,0.0927,0.080179,0.0,14.35,0.454,31.6,Poor,No
Season=Monsoon & Rain_Status=Heavy Rain,235,0.1492,0.022179,0.0,19.92,0.5228,38.1,Poor,Yes
Season=Winter & Temp_Profile=Hot (>28°C),132,0.1476,0.091272,0.0,48.58,0.3425,141.82,Poor,No
Season=Winter & Temp_Profile=Cool (<20°C),765,0.2008,0.0,0.0,51.38,0.3534,145.41,Poor,Yes
Season=Pre-Monsoon & Temp_Profile=Warm (20-28°C),961,-0.1568,1e-06,0.0,40.15,0.4623,86.86,Poor,Yes
Season=Pre-Monsoon & Temp_Profile=Hot (>28°C),796,-0.076,0.032024,0.0,43.55,0.6437,67.65,Poor,Yes
Season=Pre-Monsoon & Temp_Profile=Cool (<20°C),49,0.0566,0.699123,0.0,22.64,0.2628,86.15,Poor,No
Season=Post-Monsoon & Temp_Profile=Warm (20-28°C),1038,0.2316,0.0,0.0,39.98,0.5221,76.56,Poor,Yes
Season=Monsoon & Geo_Zone=Coastal,505,0.1799,4.8e-05,0.0,28.03,0.9118,30.74,Poor,Yes
Season=Winter & AOD_Loading=Moderate AOD (0.3-0.8),1926,0.0403,0.076974,0.0,51.52,0.3743,137.65,Poor,No
Season=Winter & AOD_Loading=High AOD (>0.8),1505,0.093,0.000303,0.0,55.47,0.3794,146.2,Poor,Yes
Season=Pre-Monsoon & AOD_Loading=Moderate AOD (0.3-0.8),1387,-0.1104,3.8e-05,0.0,44.14,0.5388,81.91,Poor,Yes
Season=Pre-Monsoon & AOD_Loading=Low AOD (<0.3),341,0.1819,0.000736,0.0,42.09,0.4956,84.92,Poor,Yes
Season=Post-Monsoon & Wind_Origin=Continental (Polluted) & Rain_Status=Light Rain,139,0.2762,0.000997,0.0,39.48,0.5414,72.92,Poor,Yes
Season=Post-Monsoon & Wind_Origin=Continental (Polluted) & Rain_Status=Heavy Rain,69,0.0393,0.748425,0.0,30.01,0.4018,74.7,Poor,No
Season=Monsoon & Wind_Origin=Marine (Clean) & Rain_Status=No Rain,180,0.2548,0.000557,0.0,9.06,0.3159,28.69,Poor,Yes
Season=Monsoon & Wind_Origin=Marine (Clean) & Rain_Status=Light Rain,292,0.1381,0.018213,0.0,11.03,0.3437,32.09,Poor,Yes
Season=Monsoon & Wind_Origin=Continental (Polluted) & Rain_Status=Light Rain,46,-0.0294,0.846436,0.0,7.5,0.2038,36.8,Poor,No
Geo_Zone=Inland_Urban & Rain_Status=No Rain,2042,0.0904,4.3e-05,0.0,70.95,0.6833,103.83,Poor,Yes
Geo_Zone=Inland_Urban & Rain_Status=Light Rain,1212,0.1948,0.0,0.0,60.52,0.5107,118.49,Poor,Yes
Geo_Zone=Inland_Urban & Rain_Status=Heavy Rain,1008,0.1501,2e-06,0.0,72.19,0.5546,130.17,Poor,Yes
Season=Post-Monsoon & Wind_Origin=Continental (Polluted) & Humidity_Profile=Humid (>75%),101,0.0961,0.338972,0.0,44.85,0.7386,60.72,Poor,No
Season=Post-Monsoon & Wind_Origin=Continental (Polluted) & Humidity_Profile=Dry (<50%),37,0.1633,0.334039,0.0,21.12,0.2248,93.92,Poor,No
Season=Monsoon & Wind_Origin=Marine (Clean) & Humidity_Profile=Moderate (50-75%),214,0.1955,0.004096,0.0,16.44,0.441,37.28,Poor,Yes
Season=Monsoon & Wind_Origin=Marine (Clean) & Humidity_Profile=Humid (>75%),389,0.1014,0.045606,0.0,12.52,0.4287,29.21,Poor,Yes
Season=Monsoon & Wind_Origin=Continental (Polluted) & Humidity_Profile=Moderate (50-75%),31,0.1845,0.320431,0.0,4.01,0.1057,37.95,Poor,No
Season=Monsoon & Wind_Origin=Continental (Polluted) & Humidity_Profile=Humid (>75%),34,0.1746,0.323236,0.0,5.55,0.1974,28.13,Poor,No
Season=Winter & Wind_Origin=Marine (Clean) & Rain_Status=No Rain,405,0.2048,3.3e-05,0.0,47.07,0.3557,132.33,Poor,Yes
Season=Winter & Wind_Origin=Marine (Clean) & Rain_Status=Heavy Rain,293,0.0413,0.481225,0.0,64.43,0.3491,184.55,Poor,No
Season=Winter & Wind_Origin=Continental (Polluted) & Rain_Status=No Rain,200,-0.0195,0.783589,0.0,49.95,0.3527,141.6,Poor,No
Season=Winter & Wind_Origin=Continental (Polluted) & Rain_Status=Light Rain,150,0.2599,0.00132,0.0,42.42,0.2952,143.71,Poor,Yes
Season=Winter & Wind_Origin=Continental (Polluted) & Rain_Status=Heavy Rain,136,0.2254,0.008324,0.0,47.06,0.2543,185.04,Poor,Yes
Season=Pre-Monsoon & Wind_Origin=Marine (Clean) & Rain_Status=No Rain,346,-0.1686,0.001646,0.0,36.01,0.4797,75.06,Poor,Yes
Season=Pre-Monsoon & Wind_Origin=Marine (Clean) & Rain_Status=Light Rain,737,-0.1618,1e-05,0.0,47.8,0.602,79.4,Poor,Yes
Season=Pre-Monsoon & Wind_Origin=Marine (Clean) & Rain_Status=Heavy Rain,198,0.0004,0.995274,0.0,90.31,0.8273,109.16,Poor,No
Season=Pre-Monsoon & Wind_Origin=Continental (Polluted) & Rain_Status=No Rain,34,-0.2574,0.141581,0.0,22.18,0.3654,60.7,Poor,No
Season=Monsoon & Wind_Origin=Continental (Polluted) & Temp_Profile=Hot (>28°C),47,0.1777,0.232002,0.0,6.63,0.1865,35.57,Poor,No
Season=Winter & Wind_Origin=Marine (Clean) & Humidity_Profile=Moderate (50-75%),1031,0.3165,0.0,0.0,45.9,0.3107,147.71,Poor,Yes
Season=Winter & Wind_Origin=Marine (Clean) & Humidity_Profile=Humid (>75%),406,0.2548,0.0,0.0,46.67,0.3682,126.75,Poor,Yes
Season=Winter & Wind_Origin=Marine (Clean) & Humidity_Profile=Dry (<50%),166,0.0948,0.224311,0.0,89.61,0.581,154.23,Poor,No
Season=Winter & Wind_Origin=Continental (Polluted) & Humidity_Profile=Moderate (50-75%),228,0.2636,5.6e-05,0.0,51.34,0.3425,149.92,Poor,Yes
Season=Winter & Wind_Origin=Continental (Polluted) & Humidity_Profile=Humid (>75%),132,0.0648,0.460475,0.0,49.77,0.3492,142.52,Poor,No
Season=Winter & Wind_Origin=Continental (Polluted) & Humidity_Profile=Dry (<50%),105,-0.045,0.648339,0.0,38.17,0.2371,161.02,Poor,No
Season=Pre-Monsoon & Wind_Origin=Marine (Clean) & Humidity_Profile=Moderate (50-75%),832,-0.0689,0.047093,0.0,56.29,0.6623,84.99,Poor,Yes
Season=Pre-Monsoon & Wind_Origin=Marine (Clean) & Humidity_Profile=Humid (>75%),257,-0.0191,0.761155,0.0,34.45,0.6139,56.12,Poor,No
Season=Pre-Monsoon & Wind_Origin=Marine (Clean) & Humidity_Profile=Dry (<50%),126,-0.0888,0.322819,0.0,22.49,0.2078,108.25,Poor,No
Season=Pre-Monsoon & Wind_Origin=Continental (Polluted) & Humidity_Profile=Humid (>75%),59,-0.1234,0.351868,0.0,8.53,0.2091,40.8,Poor,No
Season=Post-Monsoon & Wind_Origin=Marine (Clean) & Humidity_Profile=Moderate (50-75%),600,0.3282,0.0,0.0,41.74,0.5573,74.88,Poor,Yes
Season=Post-Monsoon & Wind_Origin=Marine (Clean) & Humidity_Profile=Humid (>75%),341,0.0749,0.167699,0.0,41.1,0.7467,55.04,Poor,No
Season=Post-Monsoon & Wind_Origin=Marine (Clean) & Humidity_Profile=Dry (<50%),56,0.2522,0.06082,0.0,19.57,0.2654,73.72,Poor,No
Season=Post-Monsoon & Wind_Origin=Continental (Polluted) & Humidity_Profile=Moderate (50-75%),145,0.3048,0.000194,0.0,38.58,0.4744,81.31,Poor,Yes
Season=Monsoon & Humidity_Profile=Humid (>75%) & Rain_Status=Heavy Rain,105,0.1142,0.246253,0.0,13.48,0.4848,27.81,Poor,No
Season=Winter & Wind_Origin=Marine (Clean) & Temp_Profile=Hot (>28°C),56,-0.0245,0.857902,0.0,22.46,0.1334,168.35,Poor,No
Season=Winter & Wind_Origin=Marine (Clean) & Temp_Profile=Cool (<20°C),381,0.2617,0.0,0.0,60.98,0.4139,147.33,Poor,Yes
Season=Winter & Wind_Origin=Continental (Polluted) & Temp_Profile=Warm (20-28°C),298,0.1111,0.055488,0.0,42.86,0.2988,143.42,Poor,No
Season=Winter & Wind_Origin=Continental (Polluted) & Temp_Profile=Cool (<20°C),122,0.0417,0.64844,0.0,46.15,0.2836,162.72,Poor,No
Season=Pre-Monsoon & Wind_Origin=Marine (Clean) & Temp_Profile=Warm (20-28°C),532,-0.1909,9e-06,0.0,36.08,0.404,89.31,Poor,Yes
Season=Pre-Monsoon & Wind_Origin=Marine (Clean) & Temp_Profile=Hot (>28°C),609,-0.0953,0.018715,0.0,52.87,0.737,71.73,Poor,Yes
Season=Pre-Monsoon & Wind_Origin=Continental (Polluted) & Temp_Profile=Warm (20-28°C),106,-0.1432,0.143054,0.0,45.87,0.609,75.32,Poor,No
Season=Pre-Monsoon & Wind_Origin=Continental (Polluted) & Temp_Profile=Hot (>28°C),59,-0.0211,0.873974,0.0,26.69,0.3468,76.97,Poor,No
Season=Post-Monsoon & Wind_Origin=Marine (Clean) & Temp_Profile=Warm (20-28°C),661,0.2778,0.0,0.0,41.5,0.5705,72.74,Poor,Yes
Season=Post-Monsoon & Wind_Origin=Marine (Clean) & Temp_Profile=Hot (>28°C),251,0.1665,0.008203,0.0,30.57,0.5415,56.45,Poor,Yes
Season=Post-Monsoon & Wind_Origin=Continental (Polluted) & Temp_Profile=Warm (20-28°C),226,0.1768,0.007711,0.0,48.15,0.615,78.29,Poor,Yes
Season=Post-Monsoon & Wind_Origin=Continental (Polluted) & Temp_Profile=Hot (>28°C),59,0.2636,0.04365,0.0,10.13,0.1421,71.3,Poor,Yes
Season=Monsoon & Wind_Origin=Marine (Clean) & Temp_Profile=Hot (>28°C),446,0.2042,1.4e-05,0.0,12.76,0.4208,30.33,Poor,Yes
Season=Pre-Monsoon & Humidity_Profile=Dry (<50%) & Rain_Status=No Rain,107,-0.1502,0.122565,0.0,37.9,0.4825,78.55,Poor,No
Season=Pre-Monsoon & Humidity_Profile=Dry (<50%) & Rain_Status=Light Rain,93,-0.1849,0.07597,0.0,21.77,0.1929,112.82,Poor,No
Season=Pre-Monsoon & Humidity_Profile=Dry (<50%) & Rain_Status=Heavy Rain,69,0.1271,0.298032,0.0,34.06,0.3234,105.32,Poor,No
Season=Post-Monsoon & Humidity_Profile=Moderate (50-75%) & Rain_Status=No Rain,188,0.1116,0.127367,0.0,30.49,0.3763,81.01,Poor,No
Season=Post-Monsoon & Humidity_Profile=Moderate (50-75%) & Rain_Status=Heavy Rain,129,-0.1283,0.147176,0.0,32.34,0.4092,79.03,Poor,No
Season=Post-Monsoon & Humidity_Profile=Humid (>75%) & Rain_Status=No Rain,358,0.0052,0.921911,0.0,36.01,0.4751,75.8,Poor,No
Season=Post-Monsoon & Humidity_Profile=Humid (>75%) & Rain_Status=Light Rain,212,0.183,0.00757,0.0,35.56,0.7635,46.58,Poor,Yes
Season=Post-Monsoon & Humidity_Profile=Humid (>75%) & Rain_Status=Heavy Rain,42,-0.1436,0.364294,0.0,16.22,0.2853,56.84,Poor,No
Season=Post-Monsoon & Humidity_Profile=Dry (<50%) & Rain_Status=No Rain,48,0.2324,0.11192,0.0,25.87,0.2841,91.06,Poor,No
Season=Post-Monsoon & Humidity_Profile=Dry (<50%) & Rain_Status=Heavy Rain,44,-0.0092,0.952935,0.0,11.68,0.1599,73.06,Poor,No
Season=Monsoon & Humidity_Profile=Moderate (50-75%) & Rain_Status=No Rain,32,0.3186,0.075556,0.0,9.28,0.2372,39.11,Poor,No
Season=Monsoon & Humidity_Profile=Moderate (50-75%) & Rain_Status=Light Rain,156,0.1281,0.111147,0.0,10.05,0.2857,35.16,Poor,No
Season=Monsoon & Humidity_Profile=Moderate (50-75%) & Rain_Status=Heavy Rain,78,0.1443,0.207647,0.0,37.1,0.7419,50.01,Poor,No
Season=Monsoon & Humidity_Profile=Humid (>75%) & Rain_Status=No Rain,211,0.1364,0.047894,0.0,10.25,0.3326,30.8,Poor,Yes
Season=Monsoon & Humidity_Profile=Humid (>75%) & Rain_Status=Light Rain,197,0.091,0.203681,0.0,14.88,0.4918,30.26,Poor,No
Season=Monsoon & Temp_Profile=Hot (>28°C) & Rain_Status=Heavy Rain,81,0.211,0.058621,0.0,19.19,0.5414,35.44,Poor,No
Season=Winter & Humidity_Profile=Moderate (50-75%) & Rain_Status=No Rain,447,0.2287,1e-06,0.0,44.74,0.3693,121.14,Poor,Yes
Season=Winter & Humidity_Profile=Moderate (50-75%) & Rain_Status=Heavy Rain,231,0.0774,0.241119,0.0,43.1,0.2266,190.23,Poor,No
Season=Winter & Humidity_Profile=Humid (>75%) & Rain_Status=No Rain,463,0.1829,7.6e-05,0.0,47.75,0.3718,128.42,Poor,Yes
Season=Winter & Humidity_Profile=Humid (>75%) & Rain_Status=Heavy Rain,61,0.0873,0.503703,0.0,42.98,0.3513,122.35,Poor,No
Season=Winter & Humidity_Profile=Dry (<50%) & Rain_Status=No Rain,84,0.3233,0.002701,0.0,49.94,0.4387,113.82,Poor,Yes
Season=Winter & Humidity_Profile=Dry (<50%) & Rain_Status=Light Rain,96,0.0506,0.624627,0.0,21.0,0.1475,142.34,Poor,No
Season=Winter & Humidity_Profile=Dry (<50%) & Rain_Status=Heavy Rain,156,-0.0039,0.960986,0.0,71.95,0.3927,183.21,Poor,No
Season=Pre-Monsoon & Humidity_Profile=Moderate (50-75%) & Rain_Status=No Rain,280,-0.0904,0.131457,0.0,45.84,0.5263,87.08,Poor,No
Season=Pre-Monsoon & Humidity_Profile=Moderate (50-75%) & Rain_Status=Light Rain,610,-0.0643,0.11266,0.0,34.96,0.4384,79.74,Poor,No
Season=Pre-Monsoon & Humidity_Profile=Moderate (50-75%) & Rain_Status=Heavy Rain,151,0.0493,0.547453,0.0,70.74,0.6993,101.16,Poor,No
Season=Pre-Monsoon & Humidity_Profile=Humid (>75%) & Rain_Status=No Rain,232,-0.0052,0.93673,0.0,30.01,0.561,53.5,Poor,No
Season=Pre-Monsoon & Humidity_Profile=Humid (>75%) & Rain_Status=Light Rain,219,-0.1276,0.059326,0.0,28.01,0.4515,62.04,Poor,No
Season=Pre-Monsoon & Humidity_Profile=Humid (>75%) & Rain_Status=Heavy Rain,79,0.0898,0.431262,0.0,31.86,0.5338,59.68,Poor,No
Season=Pre-Monsoon & Temp_Profile=Warm (20-28°C) & Rain_Status=Light Rain,459,-0.2583,0.0,0.0,33.16,0.3824,86.72,Poor,Yes
Season=Pre-Monsoon & Temp_Profile=Warm (20-28°C) & Rain_Status=Heavy Rain,140,0.0686,0.420308,0.0,53.42,0.6918,77.21,Poor,No
Season=Pre-Monsoon & Temp_Profile=Hot (>28°C) & Rain_Status=No Rain,313,-0.1703,0.002508,0.0,43.98,0.6682,65.81,Poor,Yes
Season=Pre-Monsoon & Temp_Profile=Hot (>28°C) & Rain_Status=Light Rain,416,-0.0509,0.300693,0.0,57.59,0.7735,74.46,Poor,No
Season=Pre-Monsoon & Temp_Profile=Hot (>28°C) & Rain_Status=Heavy Rain,67,0.1782,0.1492,0.0,65.7,0.7036,93.38,Poor,No
Season=Post-Monsoon & Temp_Profile=Warm (20-28°C) & Rain_Status=No Rain,415,0.1042,0.033841,0.0,37.87,0.4463,84.85,Poor,Yes
Season=Post-Monsoon & Temp_Profile=Warm (20-28°C) & Rain_Status=Light Rain,534,0.2941,0.0,0.0,43.06,0.6634,64.91,Poor,Yes
Season=Post-Monsoon & Temp_Profile=Warm (20-28°C) & Rain_Status=Heavy Rain,89,-0.0153,0.887052,0.0,42.62,0.5579,76.4,Poor,No
Season=Post-Monsoon & Temp_Profile=Hot (>28°C) & Rain_Status=No Rain,165,-0.205,0.00827,0.0,28.62,0.4782,59.84,Poor,Yes
Season=Post-Monsoon & Temp_Profile=Hot (>28°C) & Rain_Status=Light Rain,163,0.3508,4e-06,0.0,33.95,0.6336,53.59,Poor,Yes
Season=Post-Monsoon & Temp_Profile=Hot (>28°C) & Rain_Status=Heavy Rain,69,-0.1659,0.173052,0.0,33.77,0.4596,73.49,Poor,No
Season=Monsoon & Temp_Profile=Warm (20-28°C) & Rain_Status=No Rain,58,0.1812,0.173371,0.0,11.05,0.3108,35.56,Poor,No
Season=Monsoon & Temp_Profile=Warm (20-28°C) & Rain_Status=Light Rain,49,-0.0505,0.730347,0.0,5.55,0.1991,27.86,Poor,No
Season=Monsoon & Temp_Profile=Warm (20-28°C) & Rain_Status=Heavy Rain,67,0.0948,0.445405,0.0,18.12,0.5303,34.18,Poor,No
Season=Monsoon & Temp_Profile=Hot (>28°C) & Rain_Status=No Rain,219,0.153,0.023493,0.0,10.11,0.3306,30.59,Poor,Yes
Season=Monsoon & Temp_Profile=Hot (>28°C) & Rain_Status=Light Rain,285,0.1357,0.02191,0.0,10.43,0.3261,31.99,Poor,Yes
Season=Post-Monsoon & AOD_Loading=High AOD (>0.8) & Wind_Origin=Marine (Clean),218,0.063,0.354924,0.0,53.39,0.6531,81.74,Poor,No
Season=Post-Monsoon & AOD_Loading=High AOD (>0.8) & Wind_Origin=Continental (Polluted),61,0.0963,0.460337,0.0,37.29,0.4095,91.07,Poor,No
Season=Monsoon & AOD_Loading=Moderate AOD (0.3-0.8) & Wind_Origin=Marine (Clean),386,0.1555,0.002185,0.0,10.14,0.3505,28.94,Poor,Yes
Season=Monsoon & AOD_Loading=Low AOD (<0.3) & Wind_Origin=Marine (Clean),77,-0.1435,0.213082,0.0,16.3,0.5619,29.0,Poor,No
Season=Monsoon & AOD_Loading=High AOD (>0.8) & Wind_Origin=Marine (Clean),174,0.2612,0.0005,0.0,21.44,0.5994,35.76,Poor,Yes
Season=Winter & Temp_Profile=Warm (20-28°C) & Rain_Status=No Rain,612,0.2263,0.0,0.0,40.63,0.3192,127.28,Poor,Yes
Season=Winter & Temp_Profile=Warm (20-28°C) & Rain_Status=Heavy Rain,274,-0.1324,0.028415,0.0,44.07,0.2762,159.52,Poor,Yes
Season=Winter & Temp_Profile=Hot (>28°C) & Rain_Status=No Rain,71,0.2733,0.021115,0.0,61.05,0.4618,132.21,Poor,Yes
Season=Winter & Temp_Profile=Hot (>28°C) & Rain_Status=Light Rain,30,-0.1662,0.380118,0.0,19.91,0.124,160.61,Poor,No
Season=Winter & Temp_Profile=Hot (>28°C) & Rain_Status=Heavy Rain,31,0.0507,0.78668,0.0,16.64,0.1139,146.17,Poor,No
Season=Winter & Temp_Profile=Cool (<20°C) & Rain_Status=No Rain,309,0.1193,0.035999,0.0,59.74,0.4264,140.09,Poor,Yes
Season=Winter & Temp_Profile=Cool (<20°C) & Rain_Status=Light Rain,422,0.2736,0.0,0.0,39.08,0.2668,146.49,Poor,Yes
Season=Winter & Temp_Profile=Cool (<20°C) & Rain_Status=Heavy Rain,34,0.2164,0.219019,0.0,46.03,0.1967,234.07,Poor,No
Season=Pre-Monsoon & Temp_Profile=Warm (20-28°C) & Rain_Status=No Rain,362,-0.0987,0.060638,0.0,56.01,0.5794,96.68,Poor,No
Season=Winter & AOD_Loading=Moderate AOD (0.3-0.8) & Wind_Origin=Marine (Clean),817,0.0875,0.012376,0.0,51.75,0.3439,150.48,Poor,Yes
Season=Winter & AOD_Loading=Moderate AOD (0.3-0.8) & Wind_Origin=Continental (Polluted),234,-0.061,0.352566,0.0,39.92,0.2689,148.43,Poor,No
Season=Winter & AOD_Loading=Low AOD (<0.3) & Wind_Origin=Marine (Clean),272,0.2862,2e-06,0.0,39.43,0.3381,116.6,Poor,Yes
Season=Winter & AOD_Loading=Low AOD (<0.3) & Wind_Origin=Continental (Polluted),59,0.3655,0.004416,0.0,20.37,0.1514,134.55,Poor,Yes
Season=Winter & AOD_Loading=High AOD (>0.8) & Wind_Origin=Marine (Clean),576,0.0595,0.153918,0.0,55.78,0.348,160.26,Poor,No
Season=Winter & AOD_Loading=High AOD (>0.8) & Wind_Origin=Continental (Polluted),193,0.1214,0.092477,0.0,51.86,0.3344,155.09,Poor,No
Season=Pre-Monsoon & AOD_Loading=Moderate AOD (0.3-0.8) & Wind_Origin=Marine (Clean),619,-0.1957,1e-06,0.0,45.24,0.5435,83.25,Poor,Yes
Season=Pre-Monsoon & AOD_Loading=Moderate AOD (0.3-0.8) & Wind_Origin=Continental (Polluted),67,-0.0307,0.805024,0.0,42.45,0.5678,74.77,Poor,No
Season=Pre-Monsoon & AOD_Loading=Low AOD (<0.3) & Wind_Origin=Marine (Clean),154,0.2391,0.002819,0.0,48.61,0.5672,85.71,Poor,Yes
Season=Pre-Monsoon & AOD_Loading=Low AOD (<0.3) & Wind_Origin=Continental (Polluted),30,0.0861,0.651003,0.0,17.07,0.1951,87.48,Poor,No
Season=Pre-Monsoon & AOD_Loading=High AOD (>0.8) & Wind_Origin=Marine (Clean),508,-0.0099,0.824711,0.0,61.8,0.7764,79.6,Poor,No
Season=Post-Monsoon & AOD_Loading=Moderate AOD (0.3-0.8) & Wind_Origin=Marine (Clean),523,0.1394,0.001399,0.0,38.36,0.5177,74.1,Poor,Yes
Season=Post-Monsoon & AOD_Loading=Moderate AOD (0.3-0.8) & Wind_Origin=Continental (Polluted),144,0.1433,0.086724,0.0,46.91,0.5672,82.7,Poor,No
Season=Post-Monsoon & AOD_Loading=Low AOD (<0.3) & Wind_Origin=Marine (Clean),319,0.1131,0.043582,0.0,31.79,0.541,58.76,Poor,Yes
Season=Post-Monsoon & AOD_Loading=Low AOD (<0.3) & Wind_Origin=Continental (Polluted),103,0.0638,0.521875,0.0,39.98,0.6139,65.13,Poor,No
Season=Pre-Monsoon & AOD_Loading=High AOD (>0.8) & Humidity_Profile=Moderate (50-75%),448,0.0451,0.340836,0.0,62.31,0.7703,80.89,Poor,No
Season=Pre-Monsoon & AOD_Loading=High AOD (>0.8) & Humidity_Profile=Humid (>75%),255,0.0321,0.609816,0.0,30.83,0.5263,58.57,Poor,No
Season=Pre-Monsoon & AOD_Loading=High AOD (>0.8) & Humidity_Profile=Dry (<50%),76,0.009,0.938714,0.0,53.37,0.4876,109.47,Poor,No
Season=Post-Monsoon & AOD_Loading=Moderate AOD (0.3-0.8) & Humidity_Profile=Moderate (50-75%),377,0.1376,0.00746,0.0,36.56,0.4708,77.66,Poor,Yes
Season=Post-Monsoon & AOD_Loading=Moderate AOD (0.3-0.8) & Humidity_Profile=Humid (>75%),298,0.0108,0.85226,0.0,32.19,0.5401,59.59,Poor,No
Season=Post-Monsoon & AOD_Loading=Moderate AOD (0.3-0.8) & Humidity_Profile=Dry (<50%),53,0.2031,0.144655,0.0,17.73,0.217,81.72,Poor,No
Season=Post-Monsoon & AOD_Loading=Low AOD (<0.3) & Humidity_Profile=Moderate (50-75%),256,0.1643,0.008442,0.0,38.64,0.6256,61.75,Poor,Yes
Season=Post-Monsoon & AOD_Loading=Low AOD (<0.3) & Humidity_Profile=Humid (>75%),188,0.062,0.398054,0.0,37.47,0.6063,61.8,Poor,No
Season=Post-Monsoon & AOD_Loading=Low AOD (<0.3) & Humidity_Profile=Dry (<50%),33,0.0167,0.926457,0.0,20.71,0.2645,78.29,Poor,No
Season=Post-Monsoon & AOD_Loading=High AOD (>0.8) & Humidity_Profile=Moderate (50-75%),166,0.0827,0.289661,0.0,53.38,0.572,93.33,Poor,No
Season=Post-Monsoon & AOD_Loading=High AOD (>0.8) & Humidity_Profile=Humid (>75%),126,0.0843,0.347752,0.0,41.44,0.6515,63.61,Poor,No
Season=Monsoon & AOD_Loading=Moderate AOD (0.3-0.8) & Humidity_Profile=Moderate (50-75%),168,0.0673,0.38585,0.0,10.88,0.3019,36.03,Poor,No
Season=Monsoon & AOD_Loading=Moderate AOD (0.3-0.8) & Humidity_Profile=Humid (>75%),331,0.063,0.253157,0.0,11.04,0.3898,28.32,Poor,No
Season=Monsoon & AOD_Loading=Low AOD (<0.3) & Humidity_Profile=Humid (>75%),65,0.1084,0.389857,0.0,10.91,0.3703,29.46,Poor,No
Season=Monsoon & AOD_Loading=High AOD (>0.8) & Humidity_Profile=Moderate (50-75%),69,0.37,0.001755,0.0,18.57,0.4881,38.04,Poor,Yes
Season=Monsoon & AOD_Loading=High AOD (>0.8) & Humidity_Profile=Humid (>75%),117,0.2654,0.003828,0.0,19.69,0.6562,30.01,Poor,Yes
Season=Monsoon & AOD_Loading=High AOD (>0.8) & Rain_Status=Light Rain,84,0.1488,0.176793,0.0,10.96,0.3229,33.94,Poor,No
Season=Winter & AOD_Loading=Moderate AOD (0.3-0.8) & Humidity_Profile=Moderate (50-75%),702,0.115,0.002279,0.0,46.41,0.3212,144.49,Poor,Yes
Season=Winter & AOD_Loading=Moderate AOD (0.3-0.8) & Humidity_Profile=Humid (>75%),425,-0.0396,0.415783,0.0,47.89,0.3537,135.39,Poor,No
Season=Winter & AOD_Loading=Moderate AOD (0.3-0.8) & Humidity_Profile=Dry (<50%),169,0.1347,0.080871,0.0,68.27,0.4513,151.25,Poor,No
Season=Winter & AOD_Loading=Low AOD (<0.3) & Humidity_Profile=Humid (>75%),109,0.0083,0.931902,0.0,40.67,0.3735,108.88,Poor,No
Season=Winter & AOD_Loading=High AOD (>0.8) & Humidity_Profile=Moderate (50-75%),502,0.0993,0.026033,0.0,46.62,0.2867,162.59,Poor,Yes
Season=Winter & AOD_Loading=High AOD (>0.8) & Humidity_Profile=Humid (>75%),362,0.0863,0.101263,0.0,50.93,0.3504,145.37,Poor,No
Season=Winter & AOD_Loading=High AOD (>0.8) & Humidity_Profile=Dry (<50%),145,0.0478,0.567776,0.0,69.61,0.4638,150.09,Poor,No
Season=Pre-Monsoon & AOD_Loading=Moderate AOD (0.3-0.8) & Humidity_Profile=Moderate (50-75%),476,-0.1215,0.007957,0.0,37.26,0.4342,85.82,Poor,Yes
Season=Pre-Monsoon & AOD_Loading=Moderate AOD (0.3-0.8) & Humidity_Profile=Humid (>75%),225,-0.1142,0.087374,0.0,35.56,0.603,58.98,Poor,No
Season=Pre-Monsoon & AOD_Loading=Moderate AOD (0.3-0.8) & Humidity_Profile=Dry (<50%),151,-0.1865,0.021823,0.0,52.21,0.5208,100.26,Poor,Yes
Season=Pre-Monsoon & AOD_Loading=Low AOD (<0.3) & Humidity_Profile=Moderate (50-75%),117,0.2139,0.020595,0.0,39.54,0.4535,87.19,Poor,Yes
Season=Pre-Monsoon & AOD_Loading=Low AOD (<0.3) & Humidity_Profile=Humid (>75%),50,0.0208,0.886037,0.0,12.07,0.2028,59.5,Poor,No
Season=Pre-Monsoon & AOD_Loading=Low AOD (<0.3) & Humidity_Profile=Dry (<50%),42,0.0234,0.88297,0.0,16.57,0.1605,103.23,Poor,No
Season=Pre-Monsoon & AOD_Loading=High AOD (>0.8) & Rain_Status=Heavy Rain,170,0.0712,0.356267,0.0,55.19,0.6051,91.21,Poor,No
Season=Post-Monsoon & AOD_Loading=Moderate AOD (0.3-0.8) & Rain_Status=No Rain,802,0.0288,0.414846,0.0,45.14,0.6014,75.05,Poor,No
Season=Post-Monsoon & AOD_Loading=Moderate AOD (0.3-0.8) & Rain_Status=Light Rain,331,0.1572,0.004151,0.0,36.31,0.5658,64.18,Poor,Yes
Season=Post-Monsoon & AOD_Loading=Moderate AOD (0.3-0.8) & Rain_Status=Heavy Rain,160,-0.0746,0.348579,0.0,34.63,0.4062,85.25,Poor,No
Season=Post-Monsoon & AOD_Loading=Low AOD (<0.3) & Rain_Status=No Rain,420,0.0024,0.961255,0.0,44.14,0.6244,70.69,Poor,No
Season=Post-Monsoon & AOD_Loading=Low AOD (<0.3) & Rain_Status=Light Rain,243,0.2047,0.001337,0.0,32.35,0.6291,51.42,Poor,Yes
Season=Post-Monsoon & AOD_Loading=Low AOD (<0.3) & Rain_Status=Heavy Rain,66,-0.0615,0.62364,0.0,40.01,0.5366,74.56,Poor,No
Season=Post-Monsoon & AOD_Loading=High AOD (>0.8) & Rain_Status=No Rain,434,0.0867,0.071261,0.0,38.14,0.564,67.62,Poor,No
Season=Post-Monsoon & AOD_Loading=High AOD (>0.8) & Rain_Status=Light Rain,140,0.0518,0.543472,0.0,67.51,0.7715,87.5,Poor,No
Season=Post-Monsoon & AOD_Loading=High AOD (>0.8) & Rain_Status=Heavy Rain,72,0.0006,0.995722,0.0,46.12,0.5153,89.5,Poor,No
Season=Monsoon & AOD_Loading=Moderate AOD (0.3-0.8) & Rain_Status=No Rain,605,0.0515,0.206041,0.0,14.85,0.5098,29.14,Poor,No
Season=Monsoon & AOD_Loading=Moderate AOD (0.3-0.8) & Rain_Status=Light Rain,229,0.1447,0.028551,0.0,9.4,0.3011,31.21,Poor,Yes
Season=Monsoon & AOD_Loading=Moderate AOD (0.3-0.8) & Rain_Status=Heavy Rain,148,0.111,0.17921,0.0,11.29,0.3471,32.52,Poor,No
Season=Monsoon & AOD_Loading=Low AOD (<0.3) & Rain_Status=No Rain,167,-0.0024,0.975864,0.0,17.3,0.5995,28.86,Poor,No
Season=Monsoon & AOD_Loading=Low AOD (<0.3) & Rain_Status=Light Rain,44,0.1355,0.380664,0.0,7.31,0.2138,34.18,Poor,No
Season=Monsoon & AOD_Loading=High AOD (>0.8) & Rain_Status=No Rain,261,-0.1147,0.06434,0.0,24.04,0.6785,35.43,Poor,No
Season=Winter & AOD_Loading=Moderate AOD (0.3-0.8) & Rain_Status=Light Rain,604,0.07,0.085662,0.0,40.46,0.2858,141.54,Poor,No
Season=Winter & AOD_Loading=Moderate AOD (0.3-0.8) & Rain_Status=Heavy Rain,234,-0.0143,0.828105,0.0,59.61,0.3381,176.32,Poor,No
Season=Winter & AOD_Loading=Low AOD (<0.3) & Rain_Status=No Rain,240,0.1081,0.094664,0.0,49.8,0.4092,121.72,Poor,No
Season=Winter & AOD_Loading=Low AOD (<0.3) & Rain_Status=Light Rain,212,0.3855,0.0,0.0,37.84,0.3595,105.26,Poor,Yes
Season=Winter & AOD_Loading=Low AOD (<0.3) & Rain_Status=Heavy Rain,41,-0.2216,0.163786,0.0,17.28,0.1105,156.29,Poor,No
Season=Winter & AOD_Loading=High AOD (>0.8) & Rain_Status=No Rain,826,0.1105,0.001473,0.0,61.64,0.4319,142.7,Poor,Yes
Season=Winter & AOD_Loading=High AOD (>0.8) & Rain_Status=Light Rain,450,0.1182,0.0121,0.0,40.41,0.27,149.68,Poor,Yes
Season=Winter & AOD_Loading=High AOD (>0.8) & Rain_Status=Heavy Rain,216,-0.0442,0.517755,0.0,59.68,0.3417,174.68,Poor,No
Season=Pre-Monsoon & AOD_Loading=Moderate AOD (0.3-0.8) & Rain_Status=No Rain,810,-0.088,0.012214,0.0,48.93,0.5763,84.91,Poor,Yes
Season=Pre-Monsoon & AOD_Loading=Moderate AOD (0.3-0.8) & Rain_Status=Light Rain,444,-0.1821,0.000114,0.0,41.27,0.5273,78.26,Poor,Yes
Season=Pre-Monsoon & AOD_Loading=Moderate AOD (0.3-0.8) & Rain_Status=Heavy Rain,133,-0.0563,0.520063,0.0,66.41,0.616,107.81,Poor,No
Season=Pre-Monsoon & AOD_Loading=Low AOD (<0.3) & Rain_Status=No Rain,177,0.162,0.031218,0.0,38.52,0.5152,74.76,Poor,Yes
Season=Pre-Monsoon & AOD_Loading=Low AOD (<0.3) & Rain_Status=Light Rain,124,0.2279,0.010924,0.0,33.67,0.3944,85.36,Poor,Yes
Season=Pre-Monsoon & AOD_Loading=Low AOD (<0.3) & Rain_Status=Heavy Rain,40,0.0782,0.631329,0.0,18.19,0.1979,91.93,Poor,No
Season=Pre-Monsoon & AOD_Loading=High AOD (>0.8) & Rain_Status=No Rain,526,0.0148,0.735083,0.0,45.55,0.6388,71.3,Poor,No
Season=Pre-Monsoon & AOD_Loading=High AOD (>0.8) & Rain_Status=Light Rain,392,-0.0422,0.404816,0.0,38.71,0.5246,73.79,Poor,No
Geo_Zone=Inland_Urban & Season=Monsoon & Wind_Origin=Continental (Polluted),58,-0.1617,0.225308,0.0,6.23,0.1467,42.47,Poor,No
Geo_Zone=Inland_SemiUrban & Season=Winter & Wind_Origin=Marine (Clean),420,0.3868,0.0,0.0,29.69,0.2923,101.57,Poor,Yes
Geo_Zone=Inland_SemiUrban & Season=Winter & Wind_Origin=Continental (Polluted),43,0.2079,0.180872,0.0,13.99,0.145,96.42,Poor,No
Geo_Zone=Inland_SemiUrban & Season=Pre-Monsoon & Wind_Origin=Marine (Clean),287,-0.1194,0.043303,0.0,34.77,0.435,79.92,Poor,Yes
Geo_Zone=Inland_SemiUrban & Season=Pre-Monsoon & Wind_Origin=Continental (Polluted),77,-0.1548,0.178958,0.0,25.86,0.5629,45.95,Poor,No
Geo_Zone=Inland_SemiUrban & Season=Post-Monsoon & Wind_Origin=Marine (Clean),254,0.1828,0.003459,0.0,30.4,0.6251,48.63,Poor,Yes
Geo_Zone=Inland_SemiUrban & Season=Post-Monsoon & Wind_Origin=Continental (Polluted),32,-0.0224,0.903316,0.0,5.69,0.1386,41.03,Poor,No
Geo_Zone=Inland_SemiUrban & Season=Monsoon & Wind_Origin=Marine (Clean),148,-0.0483,0.5597,0.0,8.25,0.3439,23.98,Poor,No
Geo_Zone=Coastal & Season=Winter & Wind_Origin=Marine (Clean),529,0.019,0.662887,0.0,34.53,0.261,132.32,Poor,No
Geo_Zone=Coastal & Season=Winter & Wind_Origin=Continental (Polluted),181,0.0036,0.961722,0.0,28.35,0.2054,138.03,Poor,No
Geo_Zone=Coastal & Season=Pre-Monsoon & Wind_Origin=Marine (Clean),506,-0.1887,1.9e-05,0.0,27.73,0.4096,67.7,Poor,Yes
Geo_Zone=Coastal & Season=Pre-Monsoon & Wind_Origin=Continental (Polluted),34,-0.5102,0.002054,0.0,14.98,0.2928,51.16,Poor,Yes
Geo_Zone=Coastal & Season=Post-Monsoon & Wind_Origin=Marine (Clean),386,0.137,0.007006,0.0,30.14,0.4522,66.67,Poor,Yes
Geo_Zone=Coastal & Season=Post-Monsoon & Wind_Origin=Continental (Polluted),116,0.1606,0.085066,0.0,39.34,0.5921,66.44,Poor,No
Geo_Zone=Coastal & Season=Monsoon & Wind_Origin=Marine (Clean),228,0.2888,9e-06,0.0,9.86,0.3286,30.01,Poor,Yes
Season=Winter & AOD_Loading=Moderate AOD (0.3-0.8) & Rain_Status=No Rain,1019,0.0533,0.089206,0.0,51.21,0.4032,127.0,Poor,No
Geo_Zone=Coastal & Season=Pre-Monsoon & Rain_Status=No Rain,677,-0.1515,7.5e-05,0.0,36.45,0.5405,67.43,Poor,Yes
Geo_Zone=Coastal & Season=Pre-Monsoon & Rain_Status=Light Rain,400,-0.234,2e-06,0.0,31.4,0.4362,71.97,Poor,Yes
Geo_Zone=Coastal & Season=Pre-Monsoon & Rain_Status=Heavy Rain,55,0.1515,0.269593,0.0,27.2,0.273,99.63,Poor,No
Geo_Zone=Coastal & Season=Post-Monsoon & Rain_Status=No Rain,676,0.0799,0.03791,0.0,37.99,0.5563,68.29,Poor,Yes
Geo_Zone=Coastal & Season=Post-Monsoon & Rain_Status=Light Rain,220,0.1098,0.104173,0.0,31.66,0.5777,54.8,Poor,No
Geo_Zone=Coastal & Season=Post-Monsoon & Rain_Status=Heavy Rain,62,0.0205,0.874198,0.0,38.6,0.5054,76.38,Poor,No
Season=Pre-Monsoon & Humidity_Profile=Moderate (50-75%),1041,-0.0472,0.127741,0.0,45.81,0.5329,85.97,Poor,No
Season=Pre-Monsoon & Humidity_Profile=Humid (>75%),530,-0.0375,0.389332,0.0,29.34,0.4862,60.35,Poor,No
Season=Pre-Monsoon & Humidity_Profile=Dry (<50%),269,-0.1147,0.06034,0.0,40.01,0.3901,102.56,Poor,No
Season=Post-Monsoon & Humidity_Profile=Moderate (50-75%),799,0.3012,0.0,0.0,38.47,0.5427,70.9,Poor,Yes
Season=Post-Monsoon & Humidity_Profile=Humid (>75%),612,0.044,0.277011,0.0,38.21,0.6566,58.19,Poor,No
Season=Post-Monsoon & Humidity_Profile=Dry (<50%),102,0.1172,0.240837,0.0,48.57,0.6089,79.76,Poor,No
Season=Monsoon & Humidity_Profile=Humid (>75%),513,0.0953,0.030867,0.0,19.38,0.6123,31.65,Poor,Yes
Season=Monsoon & Humidity_Profile=Dry (<50%),31,0.3979,0.026618,0.0,7.68,0.2108,36.43,Poor,Yes
Season=Winter & Temperature=Cool(<20°C),765,0.2008,0.0,0.0,51.38,0.3534,145.41,Poor,Yes
Season=Pre-Monsoon & Rain_Status=Light Rain,960,-0.1431,9e-06,0.0,36.77,0.4534,81.1,Poor,Yes
Season=Pre-Monsoon & Rain_Status=Heavy Rain,343,0.0041,0.939423,0.0,58.65,0.6618,88.62,Poor,No
Season=Post-Monsoon & Rain_Status=No Rain,1656,0.0501,0.041488,0.0,43.39,0.5652,76.77,Poor,Yes
Season=Post-Monsoon & Rain_Status=Light Rain,714,0.2904,0.0,0.0,39.59,0.6239,63.45,Poor,Yes
Season=Post-Monsoon & Rain_Status=Heavy Rain,298,-0.0207,0.721405,0.0,40.63,0.4806,84.55,Poor,No
Geo_Zone=Coastal & Season=Monsoon & Rain_Status=Light Rain,98,0.3105,0.001862,0.0,17.85,0.6629,26.93,Poor,Yes
Geo_Zone=Coastal & Season=Monsoon & Rain_Status=Heavy Rain,38,0.2441,0.139668,0.0,6.67,0.1848,36.06,Poor,No
Geo_Zone=Inland_Urban & Season=Winter & Wind_Origin=Marine (Clean),716,0.0469,0.209681,0.0,42.78,0.243,176.01,Poor,No
Geo_Zone=Inland_Urban & Season=Winter & Wind_Origin=Continental (Polluted),262,0.1262,0.04131,0.0,39.67,0.2315,171.38,Poor,Yes
Geo_Zone=Inland_Urban & Season=Pre-Monsoon & Wind_Origin=Marine (Clean),488,-0.1472,0.001111,0.0,59.48,0.5847,101.72,Poor,Yes
Geo_Zone=Inland_Urban & Season=Post-Monsoon & Wind_Origin=Marine (Clean),420,0.1045,0.032344,0.0,45.15,0.488,92.52,Poor,Yes
Geo_Zone=Inland_Urban & Season=Post-Monsoon & Wind_Origin=Continental (Polluted),160,0.1289,0.104173,0.0,33.1,0.3543,93.44,Poor,No
Geo_Zone=Inland_Urban & Season=Monsoon & Wind_Origin=Marine (Clean),261,0.1327,0.032078,0.0,14.81,0.4106,36.06,Poor,Yes
Geo_Zone=Inland_Urban & Season=Monsoon & Rain_Status=No Rain,428,-0.0555,0.252106,0.0,15.84,0.4638,34.16,Poor,No
Geo_Zone=Inland_Urban & Season=Monsoon & Rain_Status=Light Rain,160,0.0166,0.8347,0.0,9.7,0.2547,38.09,Poor,No
Geo_Zone=Inland_SemiUrban & Season=Winter & Rain_Status=No Rain,577,0.1671,5.5e-05,0.0,48.01,0.4509,106.48,Poor,Yes
Geo_Zone=Inland_SemiUrban & Season=Pre-Monsoon & Rain_Status=No Rain,298,0.0172,0.767922,0.0,34.89,0.481,72.53,Poor,No
Geo_Zone=Inland_SemiUrban & Season=Pre-Monsoon & Rain_Status=Light Rain,241,-0.2067,0.001253,0.0,30.02,0.4227,71.02,Poor,Yes
Geo_Zone=Inland_SemiUrban & Season=Pre-Monsoon & Rain_Status=Heavy Rain,54,-0.1055,0.447506,0.0,9.3,0.2143,43.4,Poor,No
Geo_Zone=Inland_SemiUrban & Season=Post-Monsoon & Rain_Status=No Rain,454,-0.0029,0.950162,0.0,45.6,0.7237,63.0,Poor,No
Geo_Zone=Inland_SemiUrban & Season=Post-Monsoon & Rain_Status=Light Rain,234,0.209,0.001302,0.0,20.38,0.4408,46.24,Poor,Yes
Geo_Zone=Inland_SemiUrban & Season=Monsoon & Rain_Status=Light Rain,99,0.1113,0.272614,0.0,8.68,0.3385,25.63,Poor,No
Geo_Zone=Inland_SemiUrban & Season=Monsoon & Rain_Status=Heavy Rain,60,0.1103,0.401675,0.0,10.63,0.4126,25.77,Poor,No
Geo_Zone=Coastal & Season=Winter & Rain_Status=No Rain,958,0.154,2e-06,0.0,45.49,0.3998,113.79,Poor,Yes
Geo_Zone=Coastal & Season=Winter & Rain_Status=Light Rain,447,0.0604,0.202532,0.0,32.8,0.2349,139.64,Poor,No
Geo_Zone=Coastal & Season=Winter & Rain_Status=Heavy Rain,70,0.1355,0.263349,0.0,43.34,0.353,122.79,Poor,No
Geo_Zone=Coastal & Season=Pre-Monsoon & Humidity_Profile=Moderate (50-75%),359,-0.1717,0.001089,0.0,25.86,0.3881,66.64,Poor,Yes
Geo_Zone=Coastal & Season=Pre-Monsoon & Humidity_Profile=Humid (>75%),270,0.0228,0.709486,0.0,27.85,0.4955,56.2,Poor,No
Geo_Zone=Coastal & Season=Pre-Monsoon & Humidity_Profile=Dry (<50%),104,-0.2548,0.009045,0.0,46.63,0.598,77.97,Poor,Yes
Geo_Zone=Coastal & Season=Post-Monsoon & Humidity_Profile=Moderate (50-75%),264,0.2144,0.000452,0.0,27.94,0.3967,70.43,Poor,Yes
Geo_Zone=Coastal & Season=Post-Monsoon & Humidity_Profile=Humid (>75%),274,0.0894,0.139789,0.0,33.72,0.5661,59.58,Poor,No
Geo_Zone=Coastal & Season=Monsoon & Humidity_Profile=Moderate (50-75%),48,0.4459,0.00149,0.0,5.3,0.1652,32.08,Poor,Yes
Geo_Zone=Coastal & Season=Monsoon & Humidity_Profile=Humid (>75%),214,0.1883,0.005715,0.0,9.17,0.3374,27.19,Poor,Yes
Geo_Zone=Inland_Urban & Season=Winter & Rain_Status=No Rain,550,0.0888,0.03729,0.0,53.21,0.28,190.06,Poor,Yes
Geo_Zone=Inland_Urban & Season=Winter & Rain_Status=Light Rain,473,0.0989,0.03143,0.0,40.59,0.2349,172.82,Poor,Yes
Geo_Zone=Inland_Urban & Season=Winter & Rain_Status=Heavy Rain,415,0.0663,0.177624,0.0,58.63,0.3106,188.77,Poor,No
Geo_Zone=Inland_Urban & Season=Pre-Monsoon & Rain_Status=No Rain,538,0.0029,0.947205,0.0,64.87,0.6286,103.2,Poor,No
Geo_Zone=Inland_Urban & Season=Pre-Monsoon & Rain_Status=Light Rain,319,-0.1545,0.005689,0.0,43.33,0.4281,101.21,Poor,Yes
Geo_Zone=Inland_Urban & Season=Pre-Monsoon & Rain_Status=Heavy Rain,234,-0.0038,0.953375,0.0,76.53,0.7248,105.6,Poor,No
Geo_Zone=Inland_Urban & Season=Post-Monsoon & Rain_Status=No Rain,526,-0.0286,0.512356,0.0,49.88,0.5258,94.86,Poor,No
Geo_Zone=Inland_Urban & Season=Post-Monsoon & Rain_Status=Light Rain,260,0.1959,0.0015,0.0,46.6,0.5443,85.61,Poor,Yes
Geo_Zone=Inland_Urban & Season=Post-Monsoon & Rain_Status=Heavy Rain,222,-0.0257,0.703656,0.0,40.11,0.52,77.15,Poor,No
Geo_Zone=Inland_Urban & Season=Pre-Monsoon & Humidity_Profile=Dry (<50%),144,-0.1266,0.13044,0.0,37.28,0.3525,105.76,Poor,No
Geo_Zone=Inland_Urban & Season=Post-Monsoon & Humidity_Profile=Humid (>75%),90,-0.1273,0.231736,0.0,61.52,0.7765,79.23,Poor,No
Geo_Zone=Inland_Urban & Season=Monsoon & Humidity_Profile=Moderate (50-75%),196,0.1291,0.071386,0.0,14.23,0.3812,37.34,Poor,No
Geo_Zone=Inland_Urban & Season=Monsoon & Humidity_Profile=Humid (>75%),86,0.1522,0.161862,0.0,12.74,0.3866,32.96,Poor,No
Geo_Zone=Inland_SemiUrban & Season=Winter & Humidity_Profile=Humid (>75%),324,0.2606,2e-06,0.0,30.84,0.2687,114.75,Poor,Yes
Geo_Zone=Inland_SemiUrban & Season=Pre-Monsoon & Humidity_Profile=Moderate (50-75%),281,-0.0394,0.510664,0.0,30.08,0.375,80.21,Poor,No
Geo_Zone=Inland_SemiUrban & Season=Pre-Monsoon & Humidity_Profile=Humid (>75%),195,-0.1222,0.088883,0.0,24.95,0.4637,53.8,Poor,No
Geo_Zone=Inland_SemiUrban & Season=Post-Monsoon & Humidity_Profile=Moderate (50-75%),168,0.2459,0.001311,0.0,17.98,0.3811,47.16,Poor,Yes
Geo_Zone=Inland_SemiUrban & Season=Post-Monsoon & Humidity_Profile=Humid (>75%),248,0.0378,0.553402,0.0,35.38,0.561,63.06,Poor,No
Geo_Zone=Inland_SemiUrban & Season=Monsoon & Humidity_Profile=Humid (>75%),213,-0.0452,0.511512,0.0,8.7,0.3196,27.22,Poor,No
Geo_Zone=Coastal & Season=Winter & Humidity_Profile=Moderate (50-75%),524,0.0856,0.050204,0.0,32.17,0.2571,125.16,Poor,No
Geo_Zone=Coastal & Season=Winter & Humidity_Profile=Humid (>75%),404,0.0759,0.127544,0.0,39.25,0.3046,128.85,Poor,No
Geo_Zone=Coastal & Season=Winter & Humidity_Profile=Dry (<50%),84,0.2577,0.017948,0.0,44.87,0.3841,116.79,Poor,Yes
Temperature = Warm(25-30°C),2334,0.1399,0.0,0.0,44.52,0.6444,69.09,Poor,Yes
Temperature = Cool(<20°C),853,0.1729,0.0,0.0,61.63,0.4236,145.49,Poor,Yes
RH = VeryHigh(>80%),1560,0.1571,0.0,0.0,53.63,0.6458,83.05,Poor,Yes
RH = High(60-80%),3843,0.1471,0.0,0.0,55.81,0.6024,92.66,Poor,Yes
RH = Moderate(40-60%),1203,0.1203,2.9e-05,0.0,59.98,0.4525,132.56,Poor,Yes
RH = Low(<40%),243,0.4631,0.0,0.0,56.41,0.4851,116.28,Poor,Yes
Wind Speed = VeryHigh(>5),508,0.2711,0.0,0.0,69.94,0.5292,132.15,Poor,Yes
Wind Speed = High(3-5),327,0.0104,0.851391,0.0,77.66,0.9009,86.21,Poor,No
Wind Speed = Moderate(1-3),2255,0.0757,0.000321,0.0,57.48,0.6319,90.96,Poor,Yes
Wind Speed = Low(0-1),2578,0.1768,0.0,0.0,57.87,0.6128,94.44,Poor,Yes
Geo_Zone=Inland_Urban & Season=Winter & Humidity_Profile=Moderate (50-75%),591,0.0417,0.311408,0.0,39.2,0.2163,181.21,Poor,No
Geo_Zone=Inland_Urban & Season=Winter & Humidity_Profile=Humid (>75%),168,0.1421,0.066136,0.0,55.95,0.3446,162.38,Poor,No
Geo_Zone=Inland_Urban & Season=Winter & Humidity_Profile=Dry (<50%),250,-0.0455,0.474305,0.0,45.13,0.2964,152.24,Poor,No
Geo_Zone=Inland_Urban & Season=Pre-Monsoon & Humidity_Profile=Moderate (50-75%),401,-0.0548,0.273298,0.0,64.96,0.677,95.96,Poor,No
Geo_Zone=Inland_Urban & Season=Pre-Monsoon & Humidity_Profile=Humid (>75%),65,-0.0316,0.802675,0.0,55.07,0.7551,72.93,Poor,No
Season=Pre-Monsoon & Wind Speed=VeryHigh(>5),117,-0.0194,0.835379,0.0,46.54,0.5513,84.43,Poor,No
Season=Pre-Monsoon & Wind Speed=High(3-5),168,-0.1383,0.073796,0.0,53.8,0.7148,75.26,Poor,No
Season=Pre-Monsoon & Wind Speed=Moderate(1-3),706,-0.144,0.000123,0.0,42.75,0.5161,82.82,Poor,Yes
Season=Pre-Monsoon & Wind Speed=Low(0-1),480,-0.1349,0.003074,0.0,42.59,0.5643,75.47,Poor,Yes
Season=Post-Monsoon & Wind Speed=VeryHigh(>5),116,-0.0312,0.739716,0.0,36.0,0.4322,83.3,Poor,No
Season=Post-Monsoon & Wind Speed=Moderate(1-3),421,0.3625,0.0,0.0,45.53,0.6418,70.94,Poor,Yes
Season=Post-Monsoon & Wind Speed=Low(0-1),777,0.1442,5.5e-05,0.0,35.36,0.4894,72.26,Poor,Yes
Season=Monsoon & Wind Speed=VeryHigh(>5),58,-0.0829,0.53607,0.0,3.38,0.1078,31.35,Poor,No
Season=Monsoon & Wind Speed=High(3-5),55,0.2273,0.095069,0.0,3.64,0.1325,27.51,Poor,No
Solar Rad = High(>300),769,0.2812,0.0,0.0,69.35,0.6748,102.77,Poor,Yes
Solar Rad = Moderate(150-300),3081,0.0624,0.000533,0.0,44.86,0.555,80.83,Poor,Yes
Solar Rad = Low(50-150),1332,0.2167,0.0,0.0,57.09,0.4902,116.47,Poor,Yes
Temperature = Hot(>30°C),1016,-0.0134,0.669592,0.0,55.8,0.8281,67.38,Poor,No
Season=Winter & RH=Low(<40%),95,0.2417,0.018313,0.0,65.07,0.4666,139.45,Poor,Yes
Season=Pre-Monsoon & RH=VeryHigh(>80%),298,-0.0707,0.223447,0.0,33.36,0.536,62.24,Poor,No
Season=Pre-Monsoon & RH=High(60-80%),1035,-0.0138,0.657554,0.0,44.56,0.6044,73.73,Poor,No
Season=Pre-Monsoon & RH=Moderate(40-60%),432,-0.0706,0.142716,0.0,41.66,0.403,103.36,Poor,No
Season=Pre-Monsoon & RH=Low(<40%),75,0.004,0.972945,0.0,32.88,0.3119,105.42,Poor,No
Season=Post-Monsoon & RH=VeryHigh(>80%),347,-0.0218,0.685396,0.0,37.13,0.6593,56.32,Poor,No
Season=Pre-Monsoon & Temperature=Cool(<20°C),49,0.0566,0.699123,0.0,22.64,0.2628,86.15,Poor,No
Season=Post-Monsoon & Temperature=Hot(>30°C),177,-0.1893,0.01161,0.0,42.1,0.6228,67.6,Poor,Yes
Season=Post-Monsoon & Temperature=Warm(25-30°C),730,0.1297,0.000445,0.0,30.67,0.5103,60.11,Poor,Yes
Season=Post-Monsoon & Temperature=Mild(20-25°C),528,0.319,0.0,0.0,45.84,0.5692,80.54,Poor,Yes
Season=Monsoon & Temperature=Hot(>30°C),342,0.2384,8e-06,0.0,19.0,0.5192,36.59,Poor,Yes
Season=Winter & Solar Rad=High(>300),257,0.0134,0.831251,0.0,68.32,0.4315,158.34,Poor,No
AOD_Loading = Low AOD (<0.3),1805,0.0726,0.002039,0.0,48.99,0.6238,78.54,Poor,Yes
Season=Winter & Solar Rad=Low(50-150),746,0.2405,0.0,0.0,45.42,0.308,147.45,Poor,Yes
Season=Winter & Solar Rad=VeryLow(<50),185,0.3051,2.4e-05,0.0,62.24,0.4617,134.8,Poor,Yes
Season=Pre-Monsoon & Solar Rad=High(>300),251,-0.021,0.740759,0.0,72.83,0.7206,101.08,Poor,No
Season=Pre-Monsoon & Solar Rad=Moderate(150-300),1025,-0.1403,7e-06,0.0,35.85,0.4814,74.49,Poor,Yes
Season=Monsoon & Wind_Origin=Continental (Polluted),103,-0.0784,0.431272,0.0,15.28,0.4275,35.75,Poor,No
Geo_Zone = Inland_Urban,4303,0.1309,0.0,0.0,69.14,0.6033,114.6,Poor,Yes
Geo_Zone = Inland_SemiUrban,2641,0.1456,0.0,0.0,44.53,0.6087,73.15,Poor,Yes
Geo_Zone = Coastal,4101,0.0789,0.0,0.0,48.24,0.5781,83.45,Poor,Yes
Season=Winter & Wind_Origin=Continental (Polluted),486,0.1287,0.004488,0.0,45.2,0.2945,153.49,Poor,Yes
Rain_Status = Light Rain,3297,0.1716,0.0,0.0,53.02,0.555,95.54,Poor,Yes
Rain_Status = Heavy Rain,1367,0.128,2e-06,0.0,73.14,0.6669,109.67,Poor,Yes
Season=Winter & RH=Moderate(40-60%),595,0.1428,0.000476,0.0,51.21,0.3195,160.3,Poor,Yes
Temp_Profile = Hot (>28°C),1910,0.0626,0.006195,0.0,49.19,0.7714,63.77,Poor,Yes
Season=Pre-Monsoon & Temperature=Hot(>30°C),422,-0.1696,0.000467,0.0,51.83,0.7858,65.96,Poor,Yes
Season = Monsoon,1625,0.0926,0.000185,0.0,16.12,0.4946,32.59,Poor,Yes
Season=Pre-Monsoon & Solar Rad=VeryLow(<50),85,-0.3003,0.00523,0.0,54.14,0.8008,67.61,Poor,Yes
Season=Post-Monsoon & Solar Rad=Moderate(150-300),733,0.2274,0.0,0.0,28.65,0.4904,58.41,Poor,Yes
Season=Post-Monsoon & Solar Rad=Low(50-150),291,0.2526,1.3e-05,0.0,44.44,0.5531,80.36,Poor,Yes
Season=Post-Monsoon & Solar Rad=VeryLow(<50),95,0.1072,0.30122,0.0,48.49,0.6465,75.0,Poor,No
Season=Monsoon & Solar Rad=High(>300),119,0.3348,0.000197,0.0,29.07,0.7575,38.38,Poor,Yes
Season=Monsoon & Solar Rad=Low(50-150),99,-0.0643,0.527239,0.0,12.47,0.3835,32.5,Poor,No
Wind_Origin = Marine (Clean),4643,0.1288,0.0,0.0,58.02,0.6049,95.92,Poor,Yes
Wind_Origin = Continental (Polluted),1091,0.1751,0.0,0.0,60.31,0.5502,109.63,Poor,Yes
Season=Pre-Monsoon & Wind_Origin=Marine (Clean),1281,-0.132,2e-06,0.0,50.78,0.6173,82.26,Poor,Yes
Season=Pre-Monsoon & Wind_Origin=Continental (Polluted),194,-0.0903,0.210709,0.0,45.8,0.6714,68.22,Poor,No
Season=Post-Monsoon & Wind_Origin=Marine (Clean),1060,0.228,0.0,0.0,41.8,0.5639,74.14,Poor,Yes
Season=Post-Monsoon & Wind_Origin=Continental (Polluted),308,0.1967,0.000517,0.0,48.6,0.5863,82.9,Poor,Yes
Season=Monsoon & Wind_Origin=Marine (Clean),637,0.1798,5e-06,0.0,11.93,0.3893,30.64,Poor,Yes
Season=Pre-Monsoon & AOD_Loading=High AOD (>0.8),1088,0.0052,0.863803,0.0,49.45,0.6066,81.51,Poor,No
Humidity_Profile = Dry (<50%),738,0.205,0.0,0.0,55.34,0.4855,113.98,Poor,Yes
